{
  "rooms":[
  {
    "id":"room0",
    "desc":"ahead of you sits a big scary cave. \n There are trees on both sides of you. \n the road continues east and west\n there is a gun on the floor.",
    "e":"room1",
    "s":"room2",
    "w":"",
    "n":"",
    "obj":["gun", "cap"]
    
  },
  {
    "id":"room1",
    "desc":"You've parked your car here, there is a torch on the floor. A zombies jumps out from behind your car\n behind it is a giant chicken",
    "e":"",
    "s":"",
    "w":"room0",
    "n":"",
    "obj":["torch"]
  },
  {
    "id":"room2",
    "desc":"You're inside the cave, there are two tunnels, one to the east and one to the west. There is a blade on the floor",
    "e":"room3",
    "s":"room0",
    "w":"room4",
    "n":"",
    "obj":["blade"]
  }, {
    "id":"room3",
    "desc":"This tunnel is a dead end.",
    "e":"",
    "s":"room2",
    "w":"",
    "n":"room4",
    "obj":["grenade"]
  }, {
    "id":"room4",
    "desc":"There is a door east, but a goblin is running towards you",
    "e":"room5",
    "s":"room2",
    "w":"",
    "n":"",
    "obj":[]
  
  }, {
    "id":"room5",
    "desc":"there is a monster and a big cat in this room, this type of monster and cat are killed by shining a torch at them. Behind the monster lies a chest of gold",
    "e":"",
    "s":"room4",
    "w":"",
    "n":"",
    "obj":[]
    
  }
  
  ],
  "enemies":[
  {
    "id":"monster",
    "initialroom":"room5",
    "killedby":"torch"
  },{
    "id":"big cat",
    "initialroom":"room5",
    "killedby":"torch"
  },
  {
    "id":"zombie",
    "initialroom":"room1",
    "killedby":"gun"
  },{
    "id":"giant chicken",
    "initialroom":"room1",
    "killedby":"gun"
  }
  ,{
    "id":"goblin",
    "initialroom":"room4",
    "killedby":"grenade"
  }
  ],
  "player":{
    "initialroom":"room0",
    "health": 10,
    "objects":[]
    
  }
}

