{
  "rooms":[
  {
    "id":"room1",
    "desc":"You are in the first room of an abandoned building. There is a gun on the table.",
    "e":"room2",
    "s":"",
    "w":"",
    "n":"",
    "obj":["gun"]
  },
  {
    "id":"room2",
    "desc":"There is a door to the north and a door to the west.",
    "e":"",
    "s":"",
    "w":"room1",
    "n":"room3",
    "obj":["knife","broom"]
  },
  {
    "id":"room3",
    "desc":"There is a door to the north and a door to the south. A zombie attacks you",
    "e":"",
    "s":"room2",
    "w":"",
    "n":"room4",
    "obj":["hammer", "apple"]
  },
  {
    "id":"room4",
    "desc":"A big werewolf is approaching you, you must kill the wolf to get the gold",
    "e":"",
    "s":"room3",
    "w":"",
    "n":"",
    "obj":["clock", "water", "sword"]
  }
  ],
  "enemies":[
  {
    "id":"zombie",
    "initialroom":"room3",
    "killedby":"gun"
  },
  {
    "id":"werewolf",
    "initialroom":"room4",
    "killedby":"hammer"
  },
  {
    "id":"werewolf",
    "initialroom":"room4",
    "killedby":"hammer"
  }
  ],
  "player":{
    "initialroom":"room1",
    "health": 10,
    "objects":[]
  }
}

